LoyalCH,PriceCH,SpecialCH,SalePriceCH,PriceMM,SpecialMM,SalePriceMM,Purchase
0.5,1.75,0,1.75,1.99,0,1.99,CH
0.6,1.75,0,1.75,1.99,1,1.69,CH
0.68,1.86,0,1.69,2.09,0,2.09,CH
0.4,1.69,0,1.69,1.69,0,1.69,MM
0.956535,1.69,0,1.69,1.69,0,1.69,CH
0.965228,1.69,0,1.69,1.99,1,1.99,CH
0.972182,1.69,1,1.69,1.99,1,1.59,CH
0.977746,1.75,1,1.75,1.99,0,1.59,CH
0.982197,1.75,0,1.75,1.99,0,1.59,CH
0.985757,1.75,0,1.75,1.99,0,1.59,CH
0.988606,1.86,0,1.86,2.09,0,2.09,CH
0.990885,1.86,0,1.59,2.13,0,2.13,CH
0.992708,1.99,0,1.99,2.13,1,1.59,CH
0.68,1.86,0,1.86,2.13,0,2.13,CH
0.744,2.06,0,2.06,2.13,0,2.13,CH
0.7952,2.06,0,2.06,2.13,0,2.13,CH
0.5,1.75,0,1.75,1.99,1,1.69,MM
0.4,1.86,0,1.86,2.18,1,2.18,MM
0.32,1.86,0,1.86,2.18,0,2.18,MM
0.5,1.86,0,1.86,2.18,0,2.18,CH
0.6,1.86,0,1.86,2.18,0,2.18,CH
0.68,1.76,0,1.76,2.18,0,2.18,CH
0.744,1.86,0,1.86,2.18,0,2.18,CH
0.7952,1.86,1,1.49,2.13,0,2.13,CH
0.83616,1.86,0,1.86,2.13,0,2.13,CH
0.868928,1.86,1,1.59,2.13,0,2.13,CH
0.895142,1.86,0,1.86,2.13,0,2.13,CH
0.916114,1.86,0,1.86,2.13,0,2.13,CH
0.932891,1.86,1,1.39,2.13,0,1.59,CH
0.946313,2.06,0,2.06,2.13,0,2.13,CH
0.5,1.89,0,1.89,2.09,0,2.09,CH
0.6,1.86,1,1.49,2.13,0,2.13,CH
0.68,1.96,0,1.96,2.18,1,1.38,MM
0.68,1.69,1,1.69,1.69,0,1.69,MM
0.544,1.99,0,1.99,2.23,0,2.23,CH
0.6352,1.99,0,1.99,2.29,0,2.29,CH
0.70816,1.76,0,1.76,2.18,0,2.18,CH
0.7952,1.99,0,1.75,2.13,0,2.13,CH
0.4,1.99,1,1.89,2.09,0,1.69,CH
0.920961,1.79,0,1.79,1.79,1,1.79,CH
0.936769,1.79,0,1.79,1.79,0,1.79,CH
0.949415,1.79,0,1.79,1.79,0,1.79,CH
0.959532,1.79,0,1.79,2.09,0,2.09,CH
0.967626,1.79,0,1.79,2.09,0,2.09,CH
0.9741,1.79,0,1.79,2.09,0,2.09,MM
0.77928,1.79,0,1.79,2.23,0,2.23,CH
0.823424,1.99,0,1.99,2.23,0,2.23,CH
0.858739,1.99,0,1.99,2.23,0,2.23,CH
0.886992,1.99,0,1.99,2.23,0,2.23,CH
0.909593,1.99,0,1.99,2.23,0,2.23,CH
0.927675,1.99,0,1.99,2.23,0,2.23,MM
0.74214,1.99,0,1.99,2.23,0,2.23,CH
0.793712,1.99,0,1.99,2.23,0,2.23,CH
0.834969,1.99,1,1.99,2.29,0,2.29,MM
0.667976,1.99,0,1.99,2.29,0,2.29,CH
0.73438,1.99,0,1.99,2.29,0,2.29,CH
0.787504,1.99,0,1.99,2.29,1,1.89,CH
0.830003,1.99,0,1.99,2.29,0,2.29,CH
0.864003,1.86,0,1.86,2.18,0,2.18,CH
0.891202,1.99,0,1.99,2.29,0,2.29,CH
0.912962,1.99,0,1.99,2.09,0,2.09,CH
0.930369,1.99,0,1.99,2.09,0,2.09,CH
0.944296,1.99,0,1.89,2.09,0,2.09,MM
0.755436,1.99,0,1.89,2.09,0,2.09,CH
0.804349,1.99,0,1.89,2.09,0,2.09,CH
0.843479,1.99,0,1.89,2.09,0,2.09,CH
0.874783,1.99,0,1.89,2.09,0,2.09,MM
0.699827,1.99,0,1.89,2.09,0,2.09,MM
0.559861,1.99,0,1.99,2.09,0,1.69,CH
0.647889,1.99,0,1.99,2.09,0,1.69,CH
0.718311,1.99,0,1.99,2.09,0,1.69,CH
0.774649,2.09,0,2.09,2.09,0,1.69,CH
0.819719,2.09,0,1.89,2.09,0,1.69,CH
0.855775,2.09,0,1.89,2.09,0,2.09,CH
0.68,1.69,0,1.69,1.99,1,1.99,CH
0.744,1.79,0,1.79,2.09,0,2.09,CH
0.7952,1.79,0,1.79,2.23,0,2.23,CH
0.83616,1.99,0,1.99,2.23,0,2.23,CH
0.868928,1.89,0,1.76,2.09,0,2.09,CH
0.895142,1.99,0,1.99,2.29,0,2.29,CH
0.916114,1.99,0,1.99,2.09,0,2.09,CH
0.932891,1.99,0,1.89,2.09,0,2.09,CH
0.946313,1.99,0,1.89,2.09,0,2.09,CH
0.95705,1.99,0,1.99,2.09,0,1.69,CH
0.96564,2.09,0,2.09,2.09,0,1.69,CH
0.972512,1.99,0,1.99,2.18,1,2.18,CH
0.97801,2.09,0,1.89,2.09,0,1.69,CH
0.68,1.99,0,1.99,2.23,0,2.23,CH
0.744,2.09,0,2.09,2.09,0,1.69,CH
0.7952,2.09,0,1.89,2.09,0,1.69,CH
0.5,1.79,0,1.79,2.09,0,2.09,CH
0.6,1.99,0,1.89,2.09,0,2.09,CH
0.5,1.99,0,1.99,2.23,0,2.23,CH
0.6,1.86,0,1.86,2.09,0,1.89,CH
0.5,1.75,0,1.75,1.99,1,1.69,CH
0.6,1.99,0,1.99,2.18,0,2.18,CH
0.4,1.99,0,1.49,2.13,1,2.13,CH
0.744,1.69,0,1.69,1.69,0,1.69,CH
0.7952,1.69,0,1.69,1.69,0,1.69,CH
0.83616,1.69,0,1.69,1.99,0,1.99,CH
0.868928,1.75,0,1.75,1.99,0,1.99,CH
0.895142,1.75,0,1.75,1.99,0,1.99,CH
0.916114,1.75,0,1.75,1.99,1,1.69,CH
0.932891,1.75,0,1.75,1.99,1,1.69,MM
0.746313,1.86,0,1.86,2.09,1,2.09,CH
0.79705,1.89,0,1.89,2.09,0,2.09,CH
0.83764,1.86,0,1.69,2.09,0,2.09,CH
0.870112,1.89,0,1.89,2.09,0,2.09,CH
0.89609,1.89,0,1.89,2.09,0,2.09,CH
0.916872,1.89,0,1.89,2.09,0,2.09,CH
0.933497,1.86,0,1.86,2.09,0,2.09,CH
0.946798,1.99,0,1.99,2.23,0,2.23,MM
0.757438,1.89,0,1.76,2.09,0,2.09,CH
0.805951,1.89,0,1.76,2.09,0,2.09,CH
0.844761,1.89,0,1.76,2.18,0,2.18,CH
0.875808,1.99,0,1.99,2.29,1,1.89,CH
0.900647,1.86,0,1.86,2.18,0,2.18,CH
0.920517,1.86,0,1.86,2.18,0,2.18,CH
0.936414,1.99,0,1.99,2.29,0,2.29,CH
0.949131,1.86,0,1.86,2.18,1,1.78,CH
0.959305,1.86,0,1.86,2.18,0,1.48,CH
0.967444,1.76,0,1.76,1.99,0,1.99,CH
0.973955,1.86,0,1.86,2.18,0,2.18,CH
0.979164,1.86,0,1.86,2.18,1,2.18,CH
0.983331,1.86,0,1.86,2.18,0,2.18,MM
0.786665,1.86,0,1.86,2.18,0,2.18,CH
0.829332,1.86,0,1.86,1.99,0,1.89,CH
0.863466,1.86,0,1.86,2.18,0,2.18,CH
0.890772,1.86,0,1.86,2.18,1,1.78,CH
0.912618,1.86,0,1.86,2.18,0,2.18,CH
0.930094,1.86,0,1.86,2.18,0,2.18,CH
0.944076,1.86,0,1.86,2.18,0,2.12,CH
0.95526,1.86,0,1.86,2.18,0,2.12,CH
0.964208,1.86,0,1.86,2.13,0,1.59,CH
0.971367,1.86,0,1.86,2.18,0,2.18,CH
0.977093,1.96,0,1.96,2.18,1,1.38,CH
0.981675,1.96,0,1.96,2.18,1,1.38,CH
0.98534,1.99,0,1.99,2.13,1,1.59,CH
0.988272,1.99,0,1.99,2.18,0,2.18,CH
0.6,1.99,0,1.99,2.23,0,2.23,CH
0.52,1.75,0,1.75,1.99,0,1.99,CH
0.5,1.99,0,1.99,2.23,0,2.23,CH
0.6,1.99,0,1.99,2.29,0,2.29,MM
0.48,1.86,0,1.86,2.13,0,1.89,MM
0.384,2.09,0,1.89,2.09,0,1.69,CH
0.5,1.75,1,1.75,1.99,0,1.59,MM
0.4,1.75,0,1.75,1.99,0,1.59,MM
0.32,1.86,0,1.86,2.09,0,1.89,MM
0.256,1.86,0,1.86,2.09,0,1.89,MM
0.2048,1.86,0,1.86,2.09,0,1.89,MM
0.16384,1.86,0,1.76,2.09,0,2.09,MM
0.131072,1.99,0,1.49,2.13,1,2.13,MM
0.83616,1.79,0,1.79,1.79,0,1.79,CH
0.868928,1.79,0,1.79,1.79,0,1.79,CH
0.895142,1.79,0,1.79,1.79,0,1.79,CH
0.916114,1.69,0,1.69,1.99,0,1.99,CH
0.932891,1.99,0,1.99,2.09,0,2.09,CH
0.946313,1.99,0,1.89,2.09,0,2.09,CH
0.95705,1.99,0,1.89,2.09,0,2.09,CH
0.96564,1.99,0,1.89,2.09,0,2.09,CH
0.972512,1.99,0,1.89,2.09,0,2.09,CH
0.97801,1.99,0,1.89,2.09,0,2.09,CH
0.982408,1.86,0,1.86,2.18,0,2.18,CH
0.985926,1.99,1,1.89,2.09,0,1.69,CH
0.988741,1.99,0,1.99,2.09,0,1.69,CH
0.990993,1.99,0,1.99,2.09,0,1.69,CH
0.992794,2.09,0,1.89,2.09,0,1.69,CH
0.994235,2.09,0,1.89,2.09,0,1.69,CH
0.995388,2.09,0,1.89,2.09,0,2.09,CH
0.6,1.86,0,1.86,2.18,0,2.18,CH
0.95705,1.69,0,1.69,1.69,1,1.49,CH
0.96564,1.69,0,1.69,1.99,1,1.99,CH
0.972512,1.79,0,1.79,1.79,0,1.79,CH
0.97801,1.79,0,1.79,2.09,0,2.09,CH
0.982408,1.79,0,1.79,2.09,0,2.09,CH
0.985926,1.79,0,1.79,2.23,0,2.23,CH
0.988741,1.86,0,1.86,2.09,0,2.09,CH
0.990993,1.99,0,1.99,2.23,0,2.23,CH
0.992794,1.86,0,1.86,2.09,0,1.89,CH
0.994235,1.99,0,1.99,2.23,0,2.23,CH
0.995388,1.99,0,1.99,2.23,0,2.23,CH
0.996311,1.86,0,1.86,2.09,0,2.09,CH
0.997049,1.99,0,1.99,2.23,0,2.23,CH
0.997639,1.99,1,1.99,2.29,0,2.29,CH
0.998111,1.99,0,1.99,2.29,0,2.29,CH
0.998489,1.99,0,1.99,2.29,1,1.89,CH
0.998791,1.99,0,1.99,2.09,0,2.09,CH
0.999033,1.99,0,1.99,2.09,0,2.09,CH
0.999226,1.99,0,1.99,2.09,0,2.09,CH
0.999381,1.99,0,1.89,2.09,0,2.09,CH
0.999505,1.99,0,1.89,2.09,0,2.09,CH
0.999604,1.86,1,1.49,2.13,0,2.13,CH
0.999683,1.86,1,1.86,2.13,0,2.13,CH
0.999746,1.86,1,1.59,2.13,0,2.13,CH
0.999797,1.99,1,1.89,2.09,0,1.69,CH
0.999838,1.99,0,1.99,2.09,0,1.69,CH
0.99987,1.99,0,1.99,2.09,0,1.69,CH
0.999896,1.99,1,1.99,2.13,0,1.59,CH
0.999917,2.09,0,1.89,2.09,0,1.69,CH
0.999934,1.99,0,1.49,2.13,1,2.13,CH
0.999947,2.09,0,1.89,2.09,0,2.09,CH
0.68,1.69,0,1.69,1.69,1,1.49,MM
0.544,1.69,0,1.69,1.99,1,1.99,CH
0.6352,1.69,0,1.69,1.99,0,1.99,CH
0.70816,1.75,1,1.75,1.99,0,1.59,CH
0.766528,1.75,0,1.75,1.99,0,1.59,CH
0.813222,1.86,0,1.86,2.09,0,2.09,CH
0.850578,1.86,0,1.86,2.09,0,2.09,CH
0.880462,1.86,0,1.76,2.09,0,2.09,CH
0.90437,1.86,0,1.86,2.18,0,2.18,CH
0.923496,1.86,0,1.86,2.18,0,2.18,CH
0.938797,1.86,0,1.86,2.18,0,2.18,CH
0.951037,1.86,0,1.86,2.13,0,1.89,CH
0.96083,1.86,0,1.59,2.13,0,2.13,CH
0.968664,1.86,1,1.49,2.13,0,2.13,CH
0.974931,1.86,1,1.49,2.13,0,2.13,CH
0.979945,1.86,1,1.49,2.13,0,2.13,CH
0.983956,1.86,1,1.86,2.13,0,2.13,CH
0.987165,1.86,1,1.59,2.13,0,2.13,CH
0.989732,1.86,0,1.86,2.13,0,2.13,CH
0.991785,1.96,0,1.96,2.18,1,1.38,CH
0.32,1.69,0,1.69,1.69,0,1.69,MM
0.256,1.69,0,1.69,1.99,0,1.99,CH
0.4048,1.86,0,1.86,1.99,1,1.19,MM
0.32384,1.76,0,1.76,2.09,0,2.09,CH
0.459072,1.76,0,1.76,2.09,0,2.09,MM
0.5,1.99,0,1.99,2.23,0,2.23,MM
0.4,1.99,0,1.99,2.23,0,2.23,MM
0.32,1.99,0,1.99,2.23,0,2.23,MM
0.52,1.86,1,1.39,2.13,0,1.59,CH
0.616,1.99,0,1.99,2.13,1,1.59,MM
0.535142,1.69,0,1.69,1.69,0,1.69,CH
0.628114,1.75,1,1.75,1.99,0,1.59,CH
0.702491,1.75,1,1.75,1.99,0,1.59,MM
0.561993,1.75,0,1.75,1.99,0,1.59,CH
0.649594,1.79,0,1.79,2.09,0,2.09,CH
0.719675,1.79,0,1.79,2.09,0,2.09,CH
0.77574,1.86,0,1.86,2.09,0,2.09,CH
0.820592,1.86,0,1.86,2.09,0,2.09,CH
0.856474,1.86,0,1.86,2.18,0,2.18,CH
0.885179,1.86,0,1.86,2.18,0,2.18,CH
0.908143,1.86,0,1.86,2.18,0,2.18,CH
0.926515,1.86,0,1.86,2.18,0,2.18,CH
0.941212,1.86,0,1.86,2.13,0,1.89,CH
0.952969,1.86,0,1.86,2.13,0,1.89,CH
0.962375,1.86,0,1.86,2.13,0,2.13,CH
0.9699,1.86,1,1.49,2.13,0,2.13,CH
0.97592,1.86,1,1.49,2.13,0,2.13,CH
0.980736,1.86,0,1.86,2.13,0,2.13,CH
0.984589,1.86,0,1.86,2.13,0,2.13,CH
0.987671,1.86,1,1.59,2.13,0,2.13,CH
0.990137,1.86,1,1.59,2.13,0,2.13,CH
0.99211,1.86,0,1.86,2.13,0,2.13,CH
0.993688,1.86,0,1.86,2.13,0,2.13,CH
0.99495,1.99,1,1.99,2.13,0,1.59,MM
0.16384,1.69,0,1.69,1.69,1,1.49,CH
0.331072,1.69,1,1.69,1.99,1,1.59,CH
0.5,1.86,0,1.86,2.18,0,2.18,CH
0.6,1.99,0,1.89,2.09,0,2.09,MM
0.48,1.86,0,1.86,2.18,0,2.18,MM
0.384,1.86,0,1.86,2.18,1,1.78,MM
0.3072,1.86,0,1.86,2.18,0,2.18,CH
0.44576,1.86,0,1.86,2.18,0,2.12,CH
0.556608,1.86,0,1.86,2.18,0,2.12,CH
0.645286,1.99,0,1.99,2.18,1,2.18,CH
0.716229,1.99,0,1.99,2.18,0,2.18,CH
0.6672,1.86,0,1.86,2.18,1,1.78,MM
0.5648,1.79,0,1.79,1.79,0,1.79,MM
0.45184,1.79,0,1.79,2.09,0,2.09,MM
0.53376,1.86,0,1.86,2.18,0,2.18,MM
0.427008,1.86,0,1.86,2.18,0,2.12,MM
0.341606,2.09,0,1.89,2.09,0,1.69,MM
0.273285,2.09,0,1.89,2.09,0,2.09,MM
0.027488,1.79,0,1.79,1.79,0,1.79,MM
0.02199,1.79,0,1.79,2.09,0,2.09,MM
0.017592,1.79,0,1.79,2.23,0,2.23,MM
0.014074,1.79,0,1.79,2.23,0,2.23,MM
0.011259,1.79,0,1.79,2.23,0,2.23,MM
0.009007,1.79,0,1.79,2.23,0,2.23,MM
0.007206,1.99,0,1.99,2.23,0,2.23,MM
0.005765,1.99,0,1.99,2.23,0,2.23,MM
0.004612,1.99,0,1.99,2.23,0,2.23,MM
0.003689,1.99,0,1.99,2.23,0,2.23,MM
0.002951,1.99,0,1.99,2.23,0,2.23,MM
0.002361,1.99,0,1.99,2.23,0,2.23,MM
0.001889,1.99,0,1.99,2.23,0,2.23,MM
0.001511,1.99,0,1.99,2.29,0,2.29,MM
0.001209,1.99,0,1.99,2.09,0,2.09,MM
0.000967,1.99,0,1.99,2.09,0,2.09,MM
0.000774,1.99,0,1.89,2.09,0,2.09,MM
0.000619,1.99,0,1.89,2.09,0,2.09,MM
0.000495,1.99,0,1.89,2.09,0,2.09,MM
0.000396,1.86,0,1.86,2.18,0,2.18,MM
0.000317,1.86,0,1.86,2.18,0,2.12,MM
0.000254,1.96,0,1.96,2.18,1,1.38,MM
0.000203,2.09,0,1.89,2.09,0,1.69,MM
0.48,1.69,0,1.69,1.69,0,1.69,CH
0.584,1.69,0,1.69,1.69,0,1.69,MM
0.4672,1.69,1,1.39,1.69,0,1.69,MM
0.37376,1.69,0,1.69,1.69,0,1.69,MM
0.299008,1.79,0,1.79,2.09,0,2.09,CH
0.439206,1.75,0,1.75,1.99,1,1.69,MM
0.351365,1.75,0,1.59,1.99,1,1.69,MM
0.281092,1.89,0,1.89,2.09,0,2.09,CH
0.424874,1.99,0,1.99,2.23,0,2.23,MM
0.339899,1.89,0,1.76,2.18,0,2.18,MM
0.271919,1.86,0,1.86,2.18,1,1.58,MM
0.217535,1.86,0,1.86,2.18,1,2.18,MM
0.174028,1.99,0,1.89,2.09,0,2.09,CH
0.339223,1.86,0,1.86,2.18,0,2.18,CH
0.471378,1.86,0,1.86,2.18,0,2.12,CH
0.577102,1.86,0,1.86,2.18,0,2.12,CH
0.661682,1.96,0,1.96,2.18,1,1.38,CH
0.729346,1.99,0,1.99,2.18,1,2.18,CH
0.783476,1.99,0,1.99,2.18,1,2.18,CH
0.826781,1.99,0,1.99,2.18,0,2.18,CH
0.7952,1.79,0,1.79,2.09,0,2.09,MM
0.63616,1.79,0,1.79,2.23,0,2.23,CH
0.708928,1.99,0,1.99,2.23,0,2.23,CH
0.5,1.99,0,1.99,2.23,0,2.23,CH
0.6,1.99,0,1.99,2.29,1,1.89,CH
0.68,1.99,0,1.89,2.09,0,2.09,CH
0.5,1.99,1,1.89,2.09,0,1.69,MM
0.4,1.99,1,1.89,2.09,0,1.69,CH
0.4,1.69,0,1.69,1.69,0,1.49,MM
0.32,1.69,1,1.39,1.69,0,1.49,CH
0.456,1.76,0,1.76,2.09,0,2.09,CH
0.5648,1.86,0,1.86,1.99,0,1.89,CH
0.65184,1.99,0,1.89,2.09,0,2.09,MM
0.4,1.86,0,1.86,2.13,0,2.13,CH
0.5,1.76,0,1.76,1.99,1,1.59,MM
0.4,1.86,0,1.86,1.99,0,1.89,MM
0.149422,1.69,0,1.69,1.69,1,1.49,MM
0.119538,1.75,0,1.75,1.99,0,1.59,MM
0.09563,1.75,0,1.75,1.99,0,1.59,MM
0.076504,1.75,0,1.75,1.99,0,1.59,MM
0.061203,1.86,0,1.86,2.09,0,2.09,MM
0.048963,1.86,0,1.86,2.18,0,2.18,MM
0.03917,1.86,0,1.86,2.18,0,2.18,MM
0.744,1.75,1,1.75,1.99,0,1.59,CH
0.7952,1.86,0,1.76,2.09,0,2.09,CH
0.83616,1.86,0,1.76,2.09,0,2.09,CH
0.868928,1.76,0,1.76,2.09,0,2.09,CH
0.895142,1.86,0,1.86,2.13,0,1.89,CH
0.916114,1.86,0,1.86,2.13,0,1.89,CH
0.932891,1.86,0,1.59,2.13,0,2.13,CH
0.946313,1.86,1,1.49,2.13,0,2.13,CH
0.95705,1.86,1,1.86,2.13,0,2.13,CH
0.96564,1.86,0,1.86,2.13,0,2.13,CH
0.972512,1.86,1,1.59,2.13,0,2.13,CH
0.97801,1.99,0,1.49,2.13,1,2.13,CH
0.982408,2.06,0,2.06,2.13,0,2.13,CH
0.52,1.79,0,1.79,1.79,0,1.79,CH
0.616,1.99,0,1.99,2.09,0,1.69,MM
0.5,1.79,0,1.79,1.79,1,1.79,MM
0.4,1.79,0,1.79,1.79,0,1.79,MM
0.32,1.79,0,1.79,1.79,0,1.79,MM
0.5,1.99,0,1.99,2.23,0,2.23,MM
0.4,1.99,0,1.89,2.09,0,2.09,CH
0.6,1.99,0,1.99,2.09,0,2.09,CH
0.6,1.99,1,1.99,2.13,0,1.59,MM
0.4,1.86,0,1.86,2.18,0,2.18,MM
0.32,1.86,0,1.86,2.13,0,1.89,MM
0.5,1.79,0,1.79,2.23,0,2.23,MM
0.4,1.86,0,1.86,2.09,0,2.09,MM
0.4,1.75,1,1.75,1.99,0,1.59,MM
0.32,1.99,0,1.99,2.29,0,2.29,MM
0.256,1.86,0,1.86,2.18,0,2.18,MM
0.2048,1.86,1,1.49,2.13,0,2.13,CH
0.36384,1.86,0,1.86,2.18,0,2.18,CH
0.491072,1.86,0,1.86,1.99,1,1.79,MM
0.392858,1.96,0,1.96,2.18,1,1.38,MM
0.314286,1.86,1,1.39,2.13,0,1.59,CH
0.5,1.69,0,1.69,1.69,0,1.69,MM
0.4,1.75,0,1.75,1.99,0,1.99,MM
0.32,1.76,0,1.76,2.18,0,2.18,CH
0.256,1.69,0,1.69,1.69,0,1.69,MM
0.2048,1.69,0,1.69,1.69,0,1.69,MM
0.16384,1.75,0,1.75,1.99,0,1.99,MM
0.131072,1.75,0,1.59,1.99,1,1.69,MM
0.104858,1.89,0,1.76,2.09,0,2.09,CH
0.283886,1.86,0,1.86,2.18,0,2.18,CH
0.427109,1.86,0,1.86,2.18,0,1.48,MM
0.072993,1.69,0,1.69,1.69,1,1.69,CH
0.258395,1.69,0,1.69,1.69,0,1.69,MM
0.206716,1.69,0,1.69,1.69,0,1.69,MM
0.165373,1.69,0,1.69,1.69,0,1.69,MM
0.132298,1.69,0,1.69,1.99,1,1.99,MM
0.105838,1.69,0,1.69,1.69,0,1.69,MM
0.084671,1.75,0,1.75,1.99,0,1.59,CH
0.267737,1.75,0,1.75,1.99,0,1.99,MM
0.214189,1.75,0,1.75,1.99,0,1.99,MM
0.171351,1.75,0,1.75,1.99,0,1.99,MM
0.137081,1.79,0,1.79,2.09,0,2.09,CH
0.309665,1.86,0,1.86,2.09,0,2.09,MM
0.247732,1.75,0,1.59,1.99,1,1.69,MM
0.198186,1.86,0,1.86,2.18,0,2.18,CH
0.358548,1.86,0,1.86,2.18,0,2.18,MM
0.286839,1.86,1,1.49,2.13,0,2.13,CH
0.429471,1.86,0,1.86,2.13,0,2.13,MM
0.343577,1.99,0,1.99,2.09,0,1.69,MM
0.274861,1.86,0,1.86,2.18,0,2.12,MM
0.219889,1.86,1,1.39,2.13,0,1.59,MM
0.175911,1.96,0,1.96,2.18,1,1.38,MM
0.140729,1.99,1,1.99,2.13,0,1.59,MM
0.112583,1.99,0,1.99,2.13,1,1.59,MM
0.433472,1.69,0,1.69,1.69,0,1.69,MM
0.346778,1.75,0,1.75,1.99,0,1.99,MM
0.277422,1.86,0,1.86,1.99,1,1.19,CH
0.421938,1.86,0,1.86,2.18,0,2.18,MM
0.33755,1.86,0,1.86,2.13,0,1.89,MM
0.283886,1.79,0,1.79,1.79,0,1.79,MM
0.227109,1.75,1,1.75,1.99,0,1.59,MM
0.181687,1.79,0,1.79,2.09,0,2.09,MM
0.14535,1.79,0,1.79,2.09,0,2.09,MM
0.11628,1.79,0,1.79,2.23,0,2.23,MM
0.093024,1.86,0,1.86,2.09,0,1.89,MM
0.074419,1.99,0,1.99,2.29,1,1.89,MM
0.059535,1.86,0,1.86,2.18,0,2.18,MM
0.047628,1.99,0,1.99,2.29,0,2.29,MM
0.038103,1.99,0,1.99,2.09,0,2.09,MM
0.030482,1.99,0,1.99,2.09,0,2.09,MM
0.4352,1.69,1,1.69,1.69,0,1.69,CH
0.54816,1.69,0,1.69,1.99,0,1.99,CH
0.416,1.99,0,1.99,2.23,0,2.23,CH
0.5328,2.09,0,1.89,2.09,0,1.69,CH
0.104858,1.99,0,1.99,2.09,0,2.09,CH
0.283886,1.86,1,1.49,2.13,0,2.13,CH
0.427109,1.86,1,1.49,2.13,0,2.13,MM
0.341687,1.99,0,1.89,2.09,0,2.09,MM
0.27335,1.99,0,1.89,2.09,0,2.09,MM
0.21868,1.86,0,1.86,2.13,0,2.13,MM
0.5,1.75,1,1.75,1.99,0,1.59,CH
0.6,1.86,0,1.86,1.99,1,1.19,MM
0.48,1.99,0,1.99,2.29,1,1.89,MM
0.384,1.76,0,1.76,1.99,0,1.99,MM
0.3072,1.76,0,1.76,1.99,0,1.89,CH
0.44576,1.96,0,1.96,2.13,1,1.39,MM
0.6,1.86,0,1.86,1.99,1,1.19,MM
0.48,1.76,0,1.76,2.09,0,2.09,CH
0.584,1.76,0,1.76,2.18,0,2.18,CH
0.6672,1.76,0,1.76,2.18,0,2.18,CH
0.73376,1.76,0,1.76,2.18,0,2.18,CH
0.787008,1.76,0,1.76,1.99,0,1.99,CH
0.829606,1.86,0,1.86,1.99,0,1.89,CH
0.863685,1.96,0,1.96,2.13,1,1.39,MM
0.524608,1.75,1,1.75,1.99,0,1.59,CH
0.619686,1.86,0,1.86,2.18,0,2.18,CH
0.695749,1.99,0,1.99,2.09,0,2.09,MM
0.556599,1.86,0,1.86,2.18,1,1.58,MM
0.445279,1.86,0,1.86,2.18,1,2.18,MM
0.356224,1.86,1,1.49,2.13,0,2.13,CH
0.484979,1.86,0,1.86,2.18,1,1.78,CH
0.587983,1.86,0,1.86,2.18,1,2.18,CH
0.670386,1.99,1,1.89,2.09,0,1.69,MM
0.536309,1.86,0,1.86,2.18,0,2.12,CH
0.629047,1.86,1,1.39,2.13,0,1.59,CH
0.703238,1.99,1,1.99,2.13,0,1.59,MM
0.56259,1.96,0,1.96,2.18,1,1.38,MM
0.450072,2.09,0,1.89,2.09,0,1.69,MM
0.48,1.89,0,1.89,2.09,0,2.09,MM
0.48,1.79,0,1.79,1.79,1,1.79,CH
0.584,1.69,0,1.69,1.69,0,1.69,CH
0.6672,1.86,0,1.86,2.18,0,2.18,CH
0.73376,1.86,1,1.49,2.13,0,2.13,CH
0.787008,1.86,1,1.86,2.13,0,2.13,CH
0.829606,1.86,1,1.59,2.13,0,2.13,CH
0.863685,1.86,0,1.86,2.13,0,2.13,CH
0.890948,1.86,0,1.86,2.13,0,2.13,CH
0.912758,1.86,1,1.39,2.13,0,1.59,CH
0.5,1.86,1,1.39,2.13,0,1.59,CH
0.6,1.96,0,1.96,2.18,1,1.38,MM
0.48,1.99,0,1.99,2.13,1,1.59,MM
0.384,1.99,0,1.49,2.13,1,2.13,CH
0.256,1.86,0,1.86,2.09,0,2.09,MM
0.4,1.86,0,1.76,2.09,0,2.09,CH
0.52,1.86,1,1.49,2.13,0,2.13,CH
0.616,1.86,1,1.49,2.13,0,2.13,CH
0.6928,1.86,1,1.86,2.13,0,2.13,CH
0.75424,1.86,1,1.59,2.13,0,2.13,CH
0.803392,1.86,1,1.39,2.13,0,1.59,CH
0.6,1.89,0,1.76,2.09,0,2.09,CH
0.68,1.89,0,1.76,2.18,0,2.18,CH
0.584,1.86,0,1.86,2.18,0,2.18,CH
0.5,1.79,0,1.79,2.09,0,2.09,CH
0.6,1.79,0,1.79,2.09,0,2.09,CH
0.68,1.75,0,1.75,1.99,0,1.99,CH
0.744,1.75,0,1.75,1.99,0,1.99,CH
0.7952,1.79,0,1.79,2.23,0,2.23,CH
0.83616,1.75,0,1.75,1.99,1,1.69,CH
0.868928,1.79,0,1.79,2.23,0,2.23,CH
0.895142,1.75,0,1.59,1.99,1,1.69,CH
0.916114,1.99,0,1.99,2.23,0,2.23,CH
0.5,1.99,0,1.99,2.23,0,2.23,CH
0.6,1.99,0,1.89,2.09,0,2.09,MM
0.5,1.69,1,1.69,1.69,0,1.69,MM
0.4,1.86,0,1.86,2.18,1,1.58,MM
0.32,1.86,0,1.86,2.18,1,1.78,MM
0.256,1.96,0,1.96,2.18,1,1.38,MM
0.2048,1.99,0,1.99,2.13,1,1.59,MM
0.4,1.79,0,1.79,1.79,0,1.79,CH
0.52,1.79,0,1.79,2.09,0,2.09,CH
0.616,1.79,0,1.79,2.09,0,2.09,CH
0.6928,1.79,0,1.79,2.23,0,2.23,CH
0.75424,1.99,0,1.99,2.23,0,2.23,CH
0.803392,1.99,0,1.99,2.23,0,2.23,CH
0.842714,1.99,0,1.99,2.23,0,2.23,CH
0.874171,1.99,0,1.99,2.23,0,2.23,CH
0.899337,1.99,0,1.99,2.29,0,2.29,CH
0.919469,1.99,0,1.99,2.29,0,2.29,CH
0.935575,1.99,0,1.99,2.09,0,2.09,CH
0.94846,1.99,0,1.99,2.09,0,2.09,CH
0.958768,1.99,0,1.89,2.09,0,2.09,CH
0.967015,1.99,0,1.89,2.09,0,2.09,CH
0.973612,1.99,1,1.89,2.09,0,1.69,CH
0.978889,1.99,0,1.99,2.09,0,1.69,CH
0.983112,2.09,0,1.89,2.09,0,1.69,CH
0.986489,2.09,0,1.89,2.09,0,2.09,CH
0.5,1.69,1,1.39,1.69,0,1.69,CH
0.6,1.86,0,1.86,2.18,0,2.18,CH
0.68,1.86,0,1.86,2.18,1,1.78,CH
0.744,1.96,0,1.96,2.18,1,1.38,MM
0.5,1.86,0,1.86,1.99,1,1.69,MM
0.4,1.99,0,1.49,2.13,1,2.13,MM
0.5,1.76,0,1.76,1.99,1,1.59,MM
0.4,1.76,0,1.76,1.99,1,1.59,MM
0.6,1.99,0,1.99,2.23,0,2.23,CH
0.68,1.89,0,1.89,2.09,0,2.09,CH
0.744,1.89,0,1.89,2.09,0,2.09,CH
0.6,1.75,0,1.75,1.99,0,1.59,CH
0.68,1.75,0,1.75,1.99,0,1.99,MM
0.544,1.75,0,1.75,1.99,0,1.59,CH
0.6352,1.79,0,1.79,2.09,0,2.09,CH
0.70816,1.75,0,1.75,1.99,1,1.69,CH
0.766528,1.86,0,1.86,2.18,0,2.18,CH
0.813222,1.86,0,1.59,2.13,0,2.13,CH
0.850578,1.86,1,1.49,2.13,0,2.13,CH
0.880462,1.99,0,1.89,2.09,0,2.09,CH
0.32,1.86,0,1.86,2.18,0,2.18,CH
0.5,1.86,1,1.39,2.13,0,1.59,MM
0.4,1.86,1,1.39,2.13,0,1.59,CH
0.5,1.86,0,1.86,2.18,0,2.18,CH
0.6,1.86,1,1.39,2.13,0,1.59,CH
0.26624,1.79,0,1.79,1.79,0,1.79,MM
0.212992,1.69,1,1.39,1.69,0,1.69,MM
0.170394,1.69,1,1.69,1.69,0,1.69,MM
0.136315,1.69,0,1.69,1.99,0,1.99,MM
0.109052,1.69,0,1.69,1.99,0,1.99,MM
0.087242,1.75,0,1.75,1.99,0,1.99,MM
0.069793,1.75,0,1.75,1.99,0,1.59,MM
0.055835,1.75,0,1.75,1.99,0,1.99,MM
0.044668,1.75,0,1.75,1.99,1,1.69,MM
0.035734,1.86,0,1.86,1.99,1,1.69,CH
0.228587,1.89,0,1.89,2.09,0,2.09,MM
0.18287,1.89,0,1.76,2.09,0,2.09,CH
0.346296,1.86,0,1.86,2.18,0,2.18,CH
0.477037,1.96,0,1.96,2.13,1,1.39,MM
0.381629,1.99,0,1.99,2.13,1,2.13,MM
0.5,1.75,1,1.75,1.99,0,1.59,CH
0.6,1.86,1,1.59,2.13,0,2.13,CH
0.5,1.89,0,1.89,2.09,0,2.09,MM
0.4,2.06,0,2.06,2.13,0,2.13,CH
0.6672,1.79,0,1.79,1.79,0,1.79,CH
0.5,1.76,0,1.76,2.09,0,2.09,CH
0.6,1.86,1,1.49,2.13,0,2.13,CH
0.4,1.79,0,1.79,1.79,1,1.79,MM
0.4,1.75,1,1.75,1.99,0,1.59,MM
0.32,1.99,0,1.49,2.13,1,2.13,CH
0.5,1.86,0,1.86,2.09,0,2.09,MM
0.4,1.76,0,1.76,2.09,0,2.09,MM
0.077677,1.79,0,1.79,2.09,0,2.09,MM
0.062142,1.79,0,1.79,2.09,0,2.09,CH
0.249713,1.79,0,1.79,2.23,0,2.23,MM
0.199771,1.99,0,1.99,2.29,0,2.29,CH
0.359817,1.99,0,1.99,2.29,0,2.29,MM
0.287853,1.99,0,1.89,2.09,0,2.09,CH
0.6,1.69,0,1.69,1.99,1,1.99,CH
0.5,1.86,0,1.86,2.09,0,2.09,CH
0.6,1.86,0,1.86,2.13,0,2.13,CH
0.5,1.86,0,1.86,2.18,0,2.18,CH
0.6,1.86,0,1.86,2.18,0,2.18,CH
0.68,1.86,0,1.86,2.18,0,2.18,CH
0.744,1.86,0,1.86,2.13,0,1.89,CH
0.7952,1.86,0,1.59,2.13,0,2.13,CH
0.83616,1.86,1,1.49,2.13,0,2.13,CH
0.868928,1.86,1,1.49,2.13,0,2.13,CH
0.895142,1.86,0,1.86,2.13,0,2.13,CH
0.5,1.69,1,1.39,1.69,0,1.49,CH
0.6,1.75,1,1.75,1.99,0,1.59,MM
0.48,1.86,0,1.76,2.09,0,2.09,CH
0.584,1.86,0,1.76,2.09,0,2.09,CH
0.6672,1.86,0,1.86,2.18,0,2.18,CH
0.73376,1.86,0,1.86,2.18,0,2.18,CH
0.787008,1.86,0,1.86,2.18,0,2.18,CH
0.829606,1.86,0,1.86,2.18,0,2.18,CH
0.863685,1.86,0,1.86,2.18,0,2.18,CH
0.890948,1.86,0,1.86,2.18,0,2.18,CH
0.912758,1.86,0,1.86,2.18,0,2.18,CH
0.930207,1.86,0,1.86,2.18,0,2.18,CH
0.944165,1.86,0,1.86,2.13,0,1.89,CH
0.955332,1.86,0,1.86,2.13,0,1.89,CH
0.964266,1.86,0,1.86,2.13,0,1.89,CH
0.971413,1.86,0,1.86,2.13,0,2.13,CH
0.97713,1.86,0,1.86,2.13,0,2.13,CH
0.981704,1.86,1,1.49,2.13,0,2.13,CH
0.985363,1.86,1,1.49,2.13,0,2.13,CH
0.988291,1.86,0,1.86,1.99,0,1.89,CH
0.990633,1.86,1,1.86,2.13,0,2.13,CH
0.992506,1.86,1,1.59,2.13,0,2.13,CH
0.994005,1.99,0,1.49,2.13,1,2.13,CH
0.6,1.86,0,1.76,2.09,0,2.09,MM
0.2048,1.75,1,1.75,1.99,0,1.59,CH
0.36384,1.86,0,1.86,2.18,0,2.18,CH
0.491072,1.86,0,1.86,2.18,0,2.18,CH
0.592858,1.86,0,1.86,2.13,0,1.89,CH
0.674286,1.86,0,1.86,2.13,0,2.13,CH
0.739429,1.86,0,1.86,2.13,0,2.13,CH
0.791543,1.76,0,1.76,1.99,0,1.59,CH
0.833234,1.76,0,1.76,1.99,0,1.89,CH
0.866588,1.86,1,1.86,2.13,0,2.13,CH
0.89327,1.86,1,1.59,2.13,0,2.13,CH
0.914616,1.86,0,1.86,2.18,0,2.18,CH
0.931693,1.86,0,1.86,2.18,0,2.18,CH
0.945354,1.86,0,1.86,2.18,0,2.18,CH
0.956283,1.86,0,1.86,2.18,0,2.18,CH
0.965027,1.86,0,1.86,2.13,0,1.59,CH
0.972021,1.86,1,1.39,2.13,0,1.59,CH
0.4,1.75,0,1.59,1.99,1,1.69,MM
0.32,1.89,0,1.76,2.18,0,2.18,CH
0.456,1.86,0,1.86,2.18,0,1.48,MM
0.5,1.99,0,1.99,2.23,0,2.23,CH
0.6,1.86,1,1.39,2.13,0,1.59,CH
0.3072,1.86,0,1.86,1.99,1,1.69,MM
0.813222,1.79,0,1.79,2.23,0,2.23,CH
0.850578,1.79,0,1.79,2.23,0,2.23,CH
0.880462,1.99,0,1.99,2.23,0,2.23,CH
0.90437,1.99,0,1.89,2.09,0,2.09,CH
0.540992,1.79,0,1.79,2.09,0,2.09,CH
0.5,1.99,0,1.99,2.23,0,2.23,MM
0.4,1.86,0,1.86,2.18,1,1.58,MM
0.5072,1.79,0,1.79,2.09,0,2.09,CH
0.60576,1.75,0,1.75,1.99,0,1.99,MM
0.484608,1.75,0,1.75,1.99,0,1.99,CH
0.587686,1.75,0,1.75,1.99,0,1.99,CH
0.670149,1.79,0,1.79,2.23,0,2.23,CH
0.736119,1.75,0,1.75,1.99,1,1.69,CH
0.788895,1.79,0,1.79,2.23,0,2.23,CH
0.831116,1.99,0,1.99,2.23,0,2.23,CH
0.864893,1.99,0,1.99,2.23,0,2.23,CH
0.891914,1.89,0,1.89,2.09,0,2.09,CH
0.913532,1.89,0,1.76,2.09,0,2.09,CH
0.930825,1.89,0,1.76,2.09,0,2.09,CH
0.94466,1.86,0,1.86,2.18,0,1.48,CH
0.955728,1.86,0,1.86,2.18,0,2.18,CH
0.964583,1.99,0,1.99,2.09,0,2.09,CH
0.971666,1.86,0,1.86,2.18,0,2.18,CH
0.977333,1.86,0,1.86,2.18,0,2.18,CH
0.981866,1.86,0,1.86,2.18,0,2.18,CH
0.985493,1.86,0,1.86,2.18,0,2.12,MM
0.788394,1.86,0,1.86,2.18,0,2.12,CH
0.6,1.76,0,1.76,2.09,0,2.09,CH
0.68,1.86,1,1.49,2.13,0,2.13,CH
0.4,1.86,1,1.49,2.13,0,2.13,CH
0.52,1.86,1,1.86,2.13,0,2.13,CH
0.5,1.69,0,1.69,1.69,0,1.69,MM
0.4,1.86,0,1.86,1.99,1,1.19,MM
0.4,1.89,0,1.76,2.18,0,2.18,MM
0.32,1.86,0,1.86,2.18,1,1.78,MM
0.256,1.86,0,1.86,2.18,0,2.18,MM
0.5,1.99,1,1.99,2.29,0,2.29,CH
0.6,1.76,0,1.76,1.99,0,1.79,CH
0.68,1.86,0,1.86,1.99,0,1.89,CH
0.744,1.86,0,1.86,1.99,1,1.79,MM
0.5952,1.86,0,1.86,1.99,1,1.79,MM
0.47616,1.86,0,1.86,2.18,0,2.18,CH
0.580928,1.86,0,1.86,2.18,0,2.18,CH
0.664742,1.96,0,1.96,2.13,1,1.39,CH
0.731794,1.96,0,1.96,2.13,1,1.39,MM
0.585435,1.99,0,1.75,2.13,0,2.13,CH
0.4,1.75,0,1.75,1.99,0,1.59,MM
0.32,1.86,0,1.86,2.09,0,2.09,MM
0.256,1.99,0,1.99,2.23,0,2.23,MM
0.2048,1.86,0,1.86,2.09,0,1.89,MM
0.16384,1.86,0,1.86,2.18,0,2.18,MM
0.131072,1.86,0,1.86,2.18,0,2.18,MM
0.104858,1.86,0,1.86,2.18,0,2.18,MM
0.083886,1.86,0,1.86,2.13,0,1.89,MM
0.067109,2.06,0,2.06,2.13,0,2.13,MM
0.053687,1.79,0,1.79,1.79,1,1.79,MM
0.04295,1.79,0,1.79,1.79,0,1.79,MM
0.03436,1.79,0,1.79,1.79,0,1.79,MM
0.027488,1.79,0,1.79,1.79,0,1.79,MM
0.02199,1.79,0,1.79,1.79,0,1.79,MM
0.017592,1.79,0,1.79,2.09,0,2.09,MM
0.014074,1.79,0,1.79,2.09,0,2.09,MM
0.011259,1.79,0,1.79,2.09,0,2.09,MM
0.009007,1.79,0,1.79,2.09,0,2.09,MM
0.007206,1.79,0,1.79,2.09,0,2.09,MM
0.005765,1.79,0,1.79,2.23,0,2.23,MM
0.004612,1.99,0,1.99,2.23,0,2.23,MM
0.003689,1.99,0,1.99,2.23,0,2.23,MM
0.002951,1.99,0,1.99,2.23,0,2.23,MM
0.002361,1.99,0,1.99,2.23,0,2.23,MM
0.001889,1.99,0,1.99,2.23,0,2.23,MM
0.001511,1.99,1,1.99,2.29,0,2.29,MM
0.001209,1.99,0,1.99,2.29,0,2.29,MM
0.000967,1.99,0,1.99,2.29,0,2.29,MM
0.000774,1.99,0,1.99,2.29,1,1.89,MM
0.000619,1.99,0,1.99,2.29,0,2.29,MM
0.000495,1.99,0,1.99,2.29,0,2.29,MM
0.000396,1.99,0,1.99,2.09,0,2.09,MM
0.000317,1.99,0,1.99,2.09,0,2.09,MM
0.000254,1.99,0,1.89,2.09,0,2.09,MM
0.000203,1.99,0,1.89,2.09,0,2.09,MM
0.000162,1.99,0,1.89,2.09,0,2.09,MM
0.00013,1.99,0,1.89,2.09,0,2.09,MM
0.000104,1.99,0,1.89,2.09,0,2.09,MM
8.3e-05,1.99,0,1.89,2.09,0,2.09,MM
6.6e-05,1.99,0,1.89,2.09,0,2.09,MM
5.3e-05,1.99,0,1.89,2.09,0,2.09,MM
4.3e-05,1.99,0,1.89,2.09,0,2.09,MM
3.4e-05,1.99,1,1.89,2.09,0,1.69,MM
2.7e-05,1.99,0,1.99,2.09,0,1.69,MM
2.2e-05,1.99,0,1.99,2.09,0,1.69,MM
1.7e-05,1.99,0,1.99,2.09,0,1.69,MM
1.4e-05,2.09,0,2.09,2.09,0,1.69,MM
1.1e-05,2.09,0,1.89,2.09,0,1.69,MM
0.5,1.86,1,1.59,2.13,0,2.13,CH
0.6,1.86,1,1.59,2.13,0,2.13,CH
0.68,1.96,0,1.96,2.13,1,1.39,CH
0.5,1.99,0,1.99,2.09,0,1.69,MM
0.4,2.09,0,2.09,2.09,0,1.69,MM
0.32,2.09,0,1.89,2.09,0,1.69,MM
0.3072,1.69,0,1.69,1.69,0,1.49,MM
0.24576,1.86,0,1.86,1.99,1,1.69,MM
0.196608,1.86,0,1.86,2.09,0,2.09,CH
0.48,1.79,0,1.79,1.79,0,1.79,MM
0.384,1.99,0,1.99,2.23,0,2.23,MM
0.3072,1.99,0,1.99,2.23,0,2.23,MM
0.24576,1.99,0,1.99,2.23,0,2.23,CH
0.396608,1.99,0,1.99,2.29,0,2.29,CH
0.517286,1.99,0,1.99,2.29,0,2.29,CH
0.613829,1.99,0,1.99,2.29,0,2.29,CH
0.691063,1.99,1,1.89,2.09,0,1.69,CH
0.752851,2.09,0,2.09,2.09,0,1.69,MM
0.5,1.75,1,1.75,1.99,0,1.59,CH
0.6,1.76,0,1.76,1.99,1,1.59,MM
0.256,1.79,0,1.79,2.09,0,2.09,MM
0.2048,1.75,0,1.75,1.99,0,1.59,MM
0.6,1.69,0,1.69,1.69,0,1.69,CH
0.68,1.69,0,1.69,1.69,1,1.49,CH
0.4,1.79,0,1.79,2.09,0,2.09,CH
0.52,1.69,1,1.69,1.99,0,1.99,MM
0.416,1.86,0,1.86,1.99,0,1.89,CH
0.3648,1.86,0,1.86,1.99,1,1.69,MM
0.29184,1.89,0,1.89,2.09,0,2.09,CH
0.433472,1.86,0,1.86,2.18,0,2.18,CH
0.5,1.89,0,1.76,2.18,0,2.18,MM
0.4,1.86,0,1.86,2.18,1,1.78,MM
0.5648,1.75,0,1.75,1.99,0,1.99,MM
0.45184,1.99,0,1.99,2.23,0,2.23,CH
0.561472,2.09,0,1.89,2.09,0,2.09,CH
0.6,1.89,0,1.89,2.09,0,2.09,CH
0.68,1.89,0,1.76,2.09,0,2.09,CH
0.744,1.89,0,1.76,2.18,0,2.18,CH
0.7952,1.86,0,1.86,2.18,0,1.48,CH
0.83616,1.86,0,1.86,2.18,0,2.18,CH
0.868928,1.86,0,1.59,2.13,0,2.13,CH
0.6,2.06,0,2.06,2.13,0,2.13,MM
0.5,1.69,0,1.69,1.69,0,1.69,MM
0.4,1.69,0,1.69,1.69,0,1.69,MM
0.32,1.69,0,1.69,1.99,0,1.99,MM
0.256,1.86,0,1.86,2.09,0,2.09,MM
0.2048,1.89,0,1.89,2.09,0,2.09,MM
0.16384,1.89,0,1.89,2.09,0,2.09,MM
0.6,1.69,1,1.69,1.99,1,1.59,CH
0.68,1.86,0,1.86,2.18,1,1.78,MM
0.6,1.76,0,1.76,1.99,0,1.79,MM
0.5,1.99,0,1.99,2.18,1,2.18,CH
0.6,1.99,0,1.99,2.18,0,2.18,CH
0.586313,1.69,1,1.69,1.99,0,1.99,CH
0.66905,1.86,0,1.86,2.09,0,2.09,CH
0.73524,1.86,0,1.86,2.09,0,2.09,CH
0.131072,1.79,0,1.79,1.79,0,1.79,MM
0.104858,1.79,0,1.79,2.09,0,2.09,MM
0.083886,1.79,0,1.79,2.09,0,2.09,MM
0.067109,1.79,0,1.79,2.09,0,2.09,MM
0.053687,1.99,0,1.99,2.09,0,1.69,CH
0.5,1.86,1,1.39,2.13,0,1.59,CH
0.6,1.96,0,1.96,2.18,1,1.38,MM
0.5,1.79,0,1.79,2.23,0,2.23,MM
0.4,1.86,0,1.86,2.18,1,1.78,CH
0.104858,1.75,0,1.75,1.99,0,1.99,MM
0.083886,1.76,0,1.76,2.18,0,2.18,MM
0.067109,1.76,0,1.76,1.99,1,1.79,MM
0.053687,1.76,0,1.76,1.99,1,1.59,MM
0.04295,1.76,0,1.76,1.99,1,1.59,MM
0.03436,1.96,0,1.96,2.13,1,1.39,MM
0.52,1.86,0,1.86,2.09,0,1.89,MM
0.416,1.99,0,1.99,2.13,1,1.59,MM
0.3328,1.99,0,1.49,2.13,1,2.13,MM
0.5,1.79,0,1.79,2.09,0,2.09,CH
0.6,1.79,0,1.79,2.23,0,2.23,CH
0.5,1.86,0,1.86,2.18,0,2.18,CH
0.6,1.76,0,1.76,2.18,0,2.18,CH
0.68,1.86,0,1.86,2.18,0,2.18,CH
0.744,1.86,0,1.86,2.18,0,2.18,CH
0.7952,1.86,0,1.86,2.13,0,2.13,CH
0.83616,1.86,1,1.49,2.13,0,2.13,CH
0.868928,1.86,1,1.49,2.13,0,2.13,CH
0.895142,1.86,1,1.49,2.13,0,2.13,CH
0.916114,1.86,1,1.49,2.13,0,2.13,CH
0.932891,1.86,1,1.86,2.13,0,2.13,CH
0.946313,1.86,0,1.86,2.13,0,2.13,CH
0.95705,1.86,1,1.59,2.13,0,2.13,CH
0.96564,1.86,0,1.86,2.18,0,2.18,CH
0.972512,1.86,1,1.59,2.13,0,2.13,CH
0.97801,1.86,0,1.86,2.13,0,2.13,CH
0.982408,1.86,0,1.86,2.13,0,1.59,CH
0.985926,1.86,1,1.39,2.13,0,1.59,CH
0.988741,1.99,0,1.49,2.13,1,2.13,CH
0.740314,1.79,0,1.79,1.79,0,1.79,CH
0.792251,1.79,0,1.79,1.79,0,1.79,CH
0.833801,1.79,0,1.79,1.79,0,1.79,CH
0.867041,1.79,0,1.79,2.09,0,2.09,CH
0.893632,1.79,0,1.79,2.23,0,2.23,CH
0.914906,1.99,0,1.99,2.23,0,2.23,CH
0.931925,1.86,0,1.86,2.09,0,2.09,CH
0.94554,1.99,0,1.99,2.23,0,2.23,CH
0.956432,1.99,0,1.89,2.09,0,2.09,CH
0.965145,1.99,0,1.99,2.09,0,1.69,CH
0.32,1.69,0,1.69,1.69,0,1.69,MM
0.256,1.79,0,1.79,2.09,0,2.09,MM
0.2048,1.79,0,1.79,2.23,0,2.23,MM
0.16384,1.99,0,1.99,2.23,0,2.23,MM
0.6,1.79,0,1.79,1.79,0,1.79,MM
0.48,1.99,0,1.99,2.23,0,2.23,CH
0.32,1.86,0,1.86,1.99,1,1.19,MM
0.256,1.86,0,1.86,2.18,1,1.58,MM
0.2048,1.86,0,1.86,1.99,1,1.79,MM
0.16384,1.86,0,1.86,2.18,1,2.18,CH
0.331072,1.86,0,1.86,2.18,0,2.18,MM
0.264858,1.86,0,1.86,2.18,0,2.12,CH
0.411886,1.86,1,1.39,2.13,0,1.59,MM
0.329509,1.96,0,1.96,2.18,1,1.38,MM
0.263607,1.96,0,1.96,2.18,1,1.38,MM
0.210886,1.96,0,1.96,2.18,1,1.38,MM
0.168709,1.96,0,1.96,2.18,1,1.38,MM
0.5,1.75,1,1.75,1.99,0,1.59,MM
0.4,1.86,1,1.59,2.13,0,2.13,CH
0.7952,1.69,1,1.69,1.99,0,1.99,CH
0.83616,1.69,1,1.69,1.99,0,1.99,CH
0.868928,1.69,0,1.69,1.99,0,1.99,CH
0.895142,1.75,0,1.75,1.99,0,1.99,CH
0.916114,1.86,0,1.86,2.09,0,2.09,CH
0.932891,1.86,0,1.86,1.99,1,1.69,CH
0.946313,1.86,0,1.86,2.09,0,2.09,CH
0.95705,1.86,0,1.76,2.09,0,2.09,CH
0.96564,1.86,0,1.76,2.09,0,2.09,CH
0.972512,1.76,0,1.76,1.99,1,1.79,CH
0.97801,1.86,1,1.39,2.13,0,1.59,CH
0.5,1.75,1,1.75,1.99,0,1.59,MM
0.4,1.86,0,1.86,2.18,0,2.18,CH
0.351365,1.69,0,1.69,1.69,0,1.69,CH
0.481092,1.69,0,1.69,1.99,0,1.99,MM
0.384874,1.75,1,1.75,1.99,0,1.59,CH
0.507899,1.75,0,1.75,1.99,0,1.59,CH
0.606319,1.99,0,1.99,2.09,0,2.09,MM
0.485055,1.86,0,1.86,2.13,0,2.13,CH
0.588044,1.86,1,1.59,2.13,0,2.13,CH
0.670435,1.86,1,1.39,2.13,0,1.59,CH
0.736348,1.99,1,1.99,2.13,0,1.59,MM
0.589079,1.99,0,1.99,2.13,1,1.59,MM
0.5,1.99,0,1.99,2.23,0,2.23,CH
0.6,1.99,0,1.99,2.23,0,2.23,CH
0.68,1.99,1,1.99,2.29,0,2.29,CH
0.744,1.99,0,1.99,2.29,0,2.29,CH
0.7952,1.99,0,1.99,2.29,0,2.29,MM
0.63616,1.99,0,1.99,2.09,0,2.09,CH
0.708928,1.99,0,1.99,2.09,0,2.09,CH
0.767142,1.99,0,1.89,2.09,0,2.09,CH
0.813714,1.99,0,1.89,2.09,0,2.09,CH
0.850971,2.09,0,1.89,2.09,0,1.69,CH
0.4,1.75,0,1.75,1.99,0,1.59,MM
0.6,1.75,1,1.75,1.99,0,1.59,CH
0.68,1.76,0,1.76,1.99,1,1.59,MM
0.544,1.86,1,1.49,2.13,0,2.13,CH
0.6352,1.86,1,1.59,2.13,0,2.13,CH
0.70816,1.86,0,1.86,2.18,0,2.18,CH
0.766528,1.86,1,1.39,2.13,0,1.59,CH
0.5,1.86,0,1.76,2.09,0,2.09,CH
0.6,1.86,0,1.76,2.09,0,2.09,CH
0.68,1.86,0,1.86,2.18,0,2.18,CH
0.744,1.86,0,1.86,2.18,0,2.18,CH
0.7952,1.86,0,1.86,2.18,0,2.18,CH
0.83616,1.86,0,1.86,2.18,0,2.18,CH
0.868928,1.86,0,1.86,2.18,0,2.18,CH
0.895142,1.86,0,1.86,2.13,0,1.89,CH
0.916114,1.86,0,1.86,2.13,0,2.13,CH
0.932891,1.86,1,1.49,2.13,0,2.13,CH
0.946313,1.86,1,1.49,2.13,0,2.13,CH
0.95705,1.86,1,1.59,2.13,0,2.13,CH
0.96564,1.86,1,1.39,2.13,0,1.59,CH
0.972512,1.99,1,1.99,2.13,0,1.59,MM
0.77801,1.99,0,1.49,2.13,1,2.13,CH
0.256,1.69,0,1.69,1.99,0,1.99,MM
0.2048,1.75,1,1.75,1.99,0,1.59,MM
0.16384,1.75,0,1.75,1.99,0,1.99,CH
0.331072,1.86,0,1.86,2.09,0,2.09,CH
0.464858,1.86,0,1.86,2.18,0,2.18,CH
0.571886,1.96,0,1.96,2.13,1,1.39,MM
0.32,1.99,0,1.99,2.18,1,2.18,MM
0.5,1.75,0,1.75,1.99,0,1.99,CH
0.6,1.86,0,1.86,2.18,0,2.12,MM
0.68,1.89,0,1.89,2.09,0,2.09,MM
0.5,1.89,0,1.89,2.09,0,2.09,MM
0.4,1.89,0,1.89,2.09,0,2.09,CH
0.52,1.99,0,1.89,2.09,0,2.09,MM
0.416,1.99,0,1.75,2.13,0,2.13,MM
0.4,1.86,0,1.86,2.18,1,2.18,CH
0.52,1.86,1,1.59,2.13,0,2.13,CH
0.616,1.86,0,1.86,2.18,0,2.18,CH
0.6928,1.86,0,1.86,2.18,0,2.12,MM
0.55424,1.99,1,1.99,2.13,0,1.59,MM
0.443392,1.99,0,1.99,2.13,1,1.59,MM
0.4,1.79,0,1.79,1.79,0,1.79,MM
0.32,1.79,0,1.79,1.79,0,1.79,MM
0.256,1.79,0,1.79,1.79,0,1.79,MM
0.2048,1.79,0,1.79,2.09,0,2.09,MM
0.16384,1.79,0,1.79,2.09,0,2.09,MM
0.131072,1.99,0,1.99,2.23,0,2.23,CH
0.5,1.79,0,1.79,1.79,1,1.79,CH
0.6,1.99,0,1.99,2.23,0,2.23,CH
0.6,1.99,0,1.99,2.09,0,1.69,CH
0.211886,1.69,0,1.69,1.69,0,1.69,MM
0.169509,1.69,0,1.69,1.69,0,1.69,MM
0.135607,1.69,1,1.39,1.69,0,1.69,MM
0.108486,1.69,0,1.69,1.69,0,1.69,MM
0.086789,1.75,0,1.75,1.99,0,1.99,MM
0.069431,1.89,0,1.89,2.09,0,2.09,MM
0.055545,1.89,0,1.89,2.09,0,2.09,MM
0.044436,1.89,0,1.76,2.09,0,2.09,MM
0.035549,1.89,0,1.76,2.18,0,2.18,MM
0.028439,1.99,0,1.99,2.29,0,2.29,MM
0.022751,1.89,0,1.76,2.18,0,2.18,MM
0.018201,1.86,0,1.86,2.18,0,2.18,MM
0.014561,1.86,0,1.86,2.18,0,2.18,MM
0.011649,1.99,0,1.99,2.09,0,2.09,MM
0.009319,1.86,0,1.86,2.18,1,1.58,MM
0.007455,1.86,0,1.86,2.18,1,2.18,MM
0.005964,1.86,0,1.86,2.18,0,2.18,MM
0.004771,1.86,0,1.86,2.18,0,2.18,MM
0.003817,1.86,0,1.86,2.18,1,1.78,MM
0.003054,1.99,0,1.89,2.09,0,2.09,MM
0.002443,1.86,0,1.86,2.18,0,2.18,CH
0.201954,1.86,0,1.86,2.18,0,2.18,CH
0.361563,1.99,1,1.89,2.09,0,1.69,MM
0.289251,1.99,0,1.99,2.09,0,1.69,MM
0.231401,1.96,0,1.96,2.18,1,1.38,MM
0.18512,1.99,0,1.99,2.18,1,2.18,MM
0.148096,1.99,0,1.99,2.18,0,2.18,MM
0.48,1.69,1,1.69,1.99,0,1.99,MM
0.6,1.69,0,1.69,1.69,0,1.69,CH
0.68,1.69,0,1.69,1.69,0,1.69,MM
0.544,1.69,0,1.69,1.69,0,1.49,MM
0.4352,1.69,0,1.69,1.99,0,1.99,CH
0.54816,1.75,0,1.75,1.99,0,1.99,MM
0.438528,1.75,0,1.75,1.99,0,1.99,MM
0.350822,1.75,0,1.75,1.99,0,1.99,MM
0.280658,1.75,0,1.75,1.99,1,1.69,MM
0.224526,1.75,0,1.75,1.99,1,1.69,MM
0.179621,1.86,0,1.86,1.99,1,1.69,MM
0.143697,1.86,0,1.86,1.99,1,1.69,CH
0.314957,1.86,0,1.86,1.99,1,1.19,MM
0.251966,1.86,0,1.86,2.09,0,2.09,MM
0.201573,1.86,0,1.86,2.09,0,2.09,MM
0.161258,1.96,0,1.96,2.13,1,1.39,MM
0.129007,1.99,0,1.99,2.13,1,2.13,MM
0.103205,1.99,0,1.75,2.13,0,2.13,MM
0.082564,1.99,0,1.75,2.13,0,2.13,MM
0.4,1.75,1,1.75,1.99,0,1.59,CH
0.52,1.86,0,1.86,2.18,0,2.18,CH
0.616,1.76,0,1.76,1.99,1,1.59,MM
0.4928,1.86,1,1.49,2.13,0,2.13,CH
0.59424,1.86,1,1.49,2.13,0,2.13,CH
0.675392,1.86,1,1.59,2.13,0,2.13,CH
0.740314,1.96,0,1.96,2.13,1,1.39,MM
0.592251,1.86,1,1.39,2.13,0,1.59,CH
0.5,1.99,0,1.89,2.09,0,2.09,CH
0.6,1.99,1,1.89,2.09,0,1.69,MM
0.5,1.86,0,1.76,2.09,0,2.09,MM
0.4,1.96,0,1.96,2.18,1,1.38,MM
0.5,1.69,0,1.69,1.69,1,1.49,MM
0.4,1.79,0,1.79,2.23,0,2.23,MM
0.32,1.99,0,1.99,2.23,0,2.23,MM
0.256,1.86,0,1.86,2.18,0,2.18,MM
0.6,1.69,0,1.69,1.69,1,1.49,CH
0.68,1.69,0,1.69,1.99,0,1.99,MM
0.544,1.86,0,1.86,2.18,0,2.18,CH
0.6352,1.99,1,1.99,2.13,0,1.59,MM
0.4,1.69,0,1.69,1.69,0,1.69,MM
0.32,1.86,0,1.86,2.18,1,2.18,MM
0.16384,1.79,0,1.79,1.79,1,1.79,MM
0.131072,1.79,0,1.79,2.09,0,2.09,MM
0.104858,1.79,0,1.79,2.09,0,2.09,MM
0.083886,1.99,0,1.99,2.09,0,2.09,MM
0.067109,1.99,0,1.99,2.09,0,1.69,CH
0.253687,1.99,0,1.99,2.09,0,1.69,MM
0.4,1.69,0,1.69,1.69,1,1.49,CH
0.5648,1.69,0,1.69,1.99,1,1.99,CH
0.65184,1.69,0,1.69,1.99,0,1.99,CH
0.721472,1.69,1,1.69,1.99,1,1.59,CH
0.777178,1.75,1,1.75,1.99,0,1.59,CH
0.821742,1.75,1,1.75,1.99,0,1.59,CH
0.857394,1.69,0,1.69,1.99,0,1.99,CH
0.885915,1.75,0,1.75,1.99,0,1.59,CH
0.908732,1.75,0,1.75,1.99,0,1.59,CH
0.926986,1.75,0,1.75,1.99,0,1.59,CH
0.941588,1.86,0,1.86,2.09,0,2.09,CH
0.953271,1.86,0,1.86,2.09,0,2.09,MM
0.762617,1.86,0,1.86,2.09,0,1.89,MM
0.610093,1.89,0,1.76,2.09,0,2.09,CH
0.688075,1.99,1,1.99,2.29,0,2.29,MM
0.55046,1.89,0,1.76,2.18,0,2.18,CH
0.640368,1.99,0,1.99,2.29,0,2.29,CH
0.712294,1.86,0,1.86,2.13,0,1.89,CH
0.769835,1.86,0,1.86,2.13,0,1.89,CH
0.815868,1.76,0,1.76,1.99,0,1.79,CH
0.852695,1.86,0,1.59,2.13,0,2.13,CH
0.882156,1.86,1,1.49,2.13,0,2.13,CH
0.905725,1.86,1,1.49,2.13,0,2.13,CH
0.92458,1.99,0,1.89,2.09,0,2.09,CH
0.939664,1.86,1,1.59,2.13,0,2.13,CH
0.951731,1.99,0,1.99,2.09,0,1.69,CH
0.961385,1.99,0,1.49,2.13,1,2.13,CH
0.5,1.69,0,1.69,1.69,0,1.69,MM
0.4,1.69,0,1.69,1.69,0,1.69,MM
0.5,1.69,0,1.69,1.99,0,1.99,MM
0.4,1.69,0,1.69,1.99,0,1.99,MM
0.32,1.75,0,1.75,1.99,0,1.59,CH
0.456,1.75,0,1.75,1.99,0,1.99,CH
0.5648,1.75,0,1.75,1.99,0,1.99,CH
0.65184,1.75,0,1.75,1.99,1,1.69,CH
0.721472,1.75,0,1.75,1.99,1,1.69,CH
0.777178,1.86,0,1.86,1.99,1,1.69,CH
0.821742,1.76,0,1.76,2.09,0,2.09,CH
0.857394,1.76,0,1.76,2.09,0,2.09,CH
0.885915,1.76,0,1.76,2.18,0,2.18,CH
0.908732,1.76,0,1.76,2.18,0,2.18,CH
0.744,1.69,0,1.69,1.69,0,1.69,MM
0.5952,1.69,0,1.69,1.99,1,1.99,CH
0.67616,1.69,0,1.69,1.99,0,1.99,CH
0.740928,1.75,0,1.75,1.99,0,1.59,CH
0.792742,1.75,0,1.75,1.99,0,1.59,CH
0.834194,1.86,0,1.86,2.09,1,2.09,CH
0.32,1.69,0,1.69,1.69,0,1.69,MM
0.256,1.69,0,1.69,1.69,0,1.69,CH
0.4048,1.69,1,1.69,1.99,0,1.99,CH
0.52384,1.75,1,1.75,1.99,0,1.59,CH
0.619072,1.69,0,1.69,1.99,0,1.99,CH
0.695258,1.75,0,1.75,1.99,0,1.99,MM
0.556206,1.86,0,1.86,1.99,1,1.69,MM
0.444965,1.86,0,1.86,2.09,0,1.89,MM
0.355972,1.76,0,1.76,2.09,0,2.09,CH
0.484778,1.86,0,1.76,2.09,0,2.09,CH
0.587822,1.86,0,1.76,2.09,0,2.09,CH
0.670258,1.86,0,1.86,2.18,0,2.18,CH
0.736206,1.86,0,1.86,2.18,0,2.18,MM
0.588965,1.86,0,1.86,2.13,0,1.89,CH
0.671172,1.86,0,1.86,2.18,0,2.18,CH
